model,n_atoms,ms_per_atom,ref_ms_per_atom,MB_per_atom,ref_MB_per_atom
MACE-MP-medium,54,0.3077,0.3486,6.003,5.131
MACE-MP-medium,128,0.2694,0.2951,4.183,3.808
MACE-MP-medium,250,0.2598,0.2754,3.478,3.294
MACE-MP-medium,432,0.2652,0.2873,3.144,3.037
MACE-MP-medium,1024,0.2578,0.3051,2.834,2.787
MACE-MP-medium,1458,0.2563,0.2763,2.77,2.736
MACE-MP-medium,2000,0.2537,0.2787,2.726,2.701
MACE-MP-small,54,0.2154,0.1979,2.545,1.663
MACE-MP-small,128,0.1227,0.1402,1.63,1.375
MACE-MP-small,250,0.113,0.1279,1.351,1.228
MACE-MP-small,432,0.1165,0.1255,1.211,1.104
MACE-MP-small,1024,0.1086,0.1424,1.069,1.021
MACE-MP-small,1458,0.1058,0.1339,1.039,1.005
MACE-MP-small,2000,0.1045,0.1268,1.019,0.996
TensorNet-MatPES-r2SCAN-v2025.1-PES,54,0.3301,1.143,6.973,5.765
TensorNet-MatPES-r2SCAN-v2025.1-PES,128,0.1903,0.3961,6.286,5.536
TensorNet-MatPES-r2SCAN-v2025.1-PES,250,0.1554,0.2721,6.077,5.509
TensorNet-MatPES-r2SCAN-v2025.1-PES,432,0.1441,0.1978,5.938,5.441
TensorNet-MatPES-r2SCAN-v2025.1-PES,1024,0.1365,0.1408,5.787,5.389
TensorNet-MatPES-r2SCAN-v2025.1-PES,1458,0.1352,0.1441,5.735,5.357
TensorNet-MatPES-r2SCAN-v2025.1-PES,2000,0.1348,0.1418,5.721,5.348
uma-s-1p1,54,0.278,1.9903,4.688,13.549
uma-s-1p1,128,0.1981,1.0736,3.4,7.288
uma-s-1p1,250,0.1673,0.7971,3.016,5.099
uma-s-1p1,432,0.1556,0.7222,2.817,4.075
uma-s-1p1,1024,0.1463,0.6862,2.641,3.283
uma-s-1p1,1458,0.1446,0.6626,2.612,3.118
uma-s-1p1,2000,0.145,0.6528,2.592,3.008
