element,mp_functional,mp_material_id,mp_energy_eV_per_atom,checkpoint,library_energy_eV_per_atom,delta_meV_per_atom
Li,GGA,mp-1018134,-1.908923,MACE-MP-medium,-1.906529,2.4
Fe,GGA,mp-13,-8.470021,MACE-MP-medium,-8.390863,79.2
Cu,GGA,mp-30,-4.099207,MACE-MP-medium,-4.08482,14.4
O,GGA,mp-12957,-4.947961,MACE-MP-medium,-4.925097,22.9
Si,GGA,mp-149,-5.425318,MACE-MP-medium,-5.342036,83.3
Li,GGA,mp-1018134,-1.908923,CHGNet-MPtrj-2023.12.1-2.7M-PES,-1.863496,45.4
Fe,GGA,mp-13,-8.470021,CHGNet-MPtrj-2023.12.1-2.7M-PES,-8.35561,114.4
Cu,GGA,mp-30,-4.099207,CHGNet-MPtrj-2023.12.1-2.7M-PES,-4.072753,26.5
O,GGA,mp-12957,-4.947961,CHGNet-MPtrj-2023.12.1-2.7M-PES,-4.868342,79.6
Si,GGA,mp-149,-5.425318,CHGNet-MPtrj-2023.12.1-2.7M-PES,-5.391513,33.8
Li,r2SCAN,mp-1018134,-2.386706,TensorNet-MatPES-r2SCAN-v2025.1-PES,-2.374202,12.5
Fe,r2SCAN,mp-13,-14.413389,TensorNet-MatPES-r2SCAN-v2025.1-PES,-14.413324,0.1
Cu,r2SCAN,mp-30,-10.846796,TensorNet-MatPES-r2SCAN-v2025.1-PES,-10.821499,25.3
O,r2SCAN,mp-1524462,-5.972534,TensorNet-MatPES-r2SCAN-v2025.1-PES,-5.883437,89.1
Si,r2SCAN,mp-149,-8.773765,TensorNet-MatPES-r2SCAN-v2025.1-PES,-8.655971,117.8
Li,r2SCAN,mp-1018134,-2.386706,MACE-MATPES-R2SCAN-0,-2.363348,23.4
Fe,r2SCAN,mp-13,-14.413389,MACE-MATPES-R2SCAN-0,-14.441841,-28.5
Cu,r2SCAN,mp-30,-10.846796,MACE-MATPES-R2SCAN-0,-10.839152,7.6
O,r2SCAN,mp-1524462,-5.972534,MACE-MATPES-R2SCAN-0,-5.894701,77.8
Si,r2SCAN,mp-149,-8.773765,MACE-MATPES-R2SCAN-0,-8.791338,-17.6
